file_name,fold,class_names,class_labels
web1.jpg,1,Bausch & Lomb Renu All in One Multi Purpose Solution,0
web2.jpg,1,Bausch & Lomb Renu All in One Multi Purpose Solution,0
web3.jpg,1,Bausch & Lomb Renu All in One Multi Purpose Solution,0
web4.jpg,1,Bausch & Lomb Renu All in One Multi Purpose Solution,0
web5.jpg,1,Bausch & Lomb Renu All in One Multi Purpose Solution,0
web6.jpg,1,Bausch & Lomb Renu All in One Multi Purpose Solution,0
web1.jpg,2,Chex Mix,1
web2.jpg,2,Chex Mix,1
web3.jpg,2,Chex Mix,1
web4.jpg,2,Chex Mix,1
web5.jpg,2,Chex Mix,1
web6.jpg,2,Chex Mix,1
web7.jpg,2,Chex Mix,1
web8.jpg,2,Chex Mix,1
web1.jpg,3,Gardetto's Original Recipe,2
web2.jpg,3,Gardetto's Original Recipe,2
web3.jpg,3,Gardetto's Original Recipe,2
web4.jpg,3,Gardetto's Original Recipe,2
web5.jpg,3,Gardetto's Original Recipe,2
web6.jpg,3,Gardetto's Original Recipe,2
web1.jpg,4,Honey Nut Cheerios (General Mills),3
web2.jpg,4,Honey Nut Cheerios (General Mills),3
web3.jpg,4,Honey Nut Cheerios (General Mills),3
web4.jpg,4,Honey Nut Cheerios (General Mills),3
web1.jpg,5,Wrigleys Extra peppermint gum,4
web2.jpg,5,Wrigleys Extra peppermint gum,4
web3.jpg,5,Wrigleys Extra peppermint gum,4
web4.jpg,5,Wrigleys Extra peppermint gum,4
web1.jpg,6,doublemint gum,5
web2.jpg,6,doublemint gum,5
web3.jpg,6,doublemint gum,5
web4.jpg,6,doublemint gum,5
web5.jpg,6,doublemint gum,5
web6.jpg,6,doublemint gum,5
web7.jpg,6,doublemint gum,5
web1.jpg,7,big red gum,6
web2.jpg,7,big red gum,6
web3.jpg,7,big red gum,6
web4.jpg,7,big red gum,6
web5.jpg,7,big red gum,6
web6.jpg,7,big red gum,6
web7.jpg,7,big red gum,6
web1.jpg,8,Vicks DayQuil LiquiCaps,7
web2.jpg,8,Vicks DayQuil LiquiCaps,7
web3.jpg,8,Vicks DayQuil LiquiCaps,7
web4.jpg,8,Vicks DayQuil LiquiCaps,7
web5.jpg,8,Vicks DayQuil LiquiCaps,7
web6.jpg,8,Vicks DayQuil LiquiCaps,7
web1.jpg,9,Cheez-It,8
web2.jpg,9,Cheez-It,8
web3.jpg,9,Cheez-It,8
web4.jpg,9,Cheez-It,8
web5.jpg,9,Cheez-It,8
web1.jpg,10,Hershey Milk Chocolate with Almonds,9
web2.jpg,10,Hershey Milk Chocolate with Almonds,9
web3.jpg,10,Hershey Milk Chocolate with Almonds,9
web4.jpg,10,Hershey Milk Chocolate with Almonds,9
web5.jpg,10,Hershey Milk Chocolate with Almonds,9
web6.jpg,10,Hershey Milk Chocolate with Almonds,9
web7.jpg,10,Hershey Milk Chocolate with Almonds,9
web1.jpg,11,Twix Cookie Bar,10
web2.jpg,11,Twix Cookie Bar,10
web3.jpg,11,Twix Cookie Bar,10
web4.jpg,11,Twix Cookie Bar,10
web5.jpg,11,Twix Cookie Bar,10
web6.jpg,11,Twix Cookie Bar,10
web7.jpg,11,Twix Cookie Bar,10
web1.jpg,12,Snickers,11
web2.jpg,12,Snickers,11
web3.jpg,12,Snickers,11
web4.jpg,12,Snickers,11
web5.jpg,12,Snickers,11
web1.jpg,13,CLOROX ULTRA LIQUID REG,12
web2.jpg,13,CLOROX ULTRA LIQUID REG,12
web3.jpg,13,CLOROX ULTRA LIQUID REG,12
web4.jpg,13,CLOROX ULTRA LIQUID REG,12
web5.jpg,13,CLOROX ULTRA LIQUID REG,12
web1.jpg,14,CLOROX 2 LIQUID 44 OZ,13
web2.jpg,14,CLOROX 2 LIQUID 44 OZ,13
web3.jpg,14,CLOROX 2 LIQUID 44 OZ,13
web4.jpg,14,CLOROX 2 LIQUID 44 OZ,13
web5.jpg,14,CLOROX 2 LIQUID 44 OZ,13
web6.jpg,14,CLOROX 2 LIQUID 44 OZ,13
web7.jpg,14,CLOROX 2 LIQUID 44 OZ,13
web8.jpg,14,CLOROX 2 LIQUID 44 OZ,13
web1.jpg,15,Gatorade Lemon-Lime,14
web2.jpg,15,Gatorade Lemon-Lime,14
web3.jpg,15,Gatorade Lemon-Lime,14
web4.jpg,15,Gatorade Lemon-Lime,14
web5.jpg,15,Gatorade Lemon-Lime,14
web1.jpg,16,SNYDER PRETZEL OLD TYME,15
web2.jpg,16,SNYDER PRETZEL OLD TYME,15
web1.jpg,17,POCKETCOMB,16
web2.jpg,17,POCKETCOMB,16
web3.jpg,17,POCKETCOMB,16
web4.jpg,17,POCKETCOMB,16
web5.jpg,17,POCKETCOMB,16
web6.jpg,17,POCKETCOMB,16
web7.jpg,17,POCKETCOMB,16
web8.jpg,17,POCKETCOMB,16
web9.jpg,17,POCKETCOMB,16
web1.jpg,18,Motrin IB Ibuprofen Tablets USP,17
web2.jpg,18,Motrin IB Ibuprofen Tablets USP,17
web3.jpg,18,Motrin IB Ibuprofen Tablets USP,17
web4.jpg,18,Motrin IB Ibuprofen Tablets USP,17
web5.jpg,18,Motrin IB Ibuprofen Tablets USP,17
web6.jpg,18,Motrin IB Ibuprofen Tablets USP,17
web7.jpg,18,Motrin IB Ibuprofen Tablets USP,17
web8.jpg,18,Motrin IB Ibuprofen Tablets USP,17
web9.jpg,18,Motrin IB Ibuprofen Tablets USP,17
web10.jpg,18,Motrin IB Ibuprofen Tablets USP,17
web11.jpg,18,Motrin IB Ibuprofen Tablets USP,17
web12.jpg,18,Motrin IB Ibuprofen Tablets USP,17
web13.jpg,18,Motrin IB Ibuprofen Tablets USP,17
web14.jpg,18,Motrin IB Ibuprofen Tablets USP,17
web1.jpg,19,Neosporin Original,18
web2.jpg,19,Neosporin Original,18
web3.jpg,19,Neosporin Original,18
web4.jpg,19,Neosporin Original,18
web5.jpg,19,Neosporin Original,18
web6.jpg,19,Neosporin Original,18
web7.jpg,19,Neosporin Original,18
web1.jpg,20,El Sabroso Salsitas Salsa Chips,19
web2.jpg,20,El Sabroso Salsitas Salsa Chips,19
web3.jpg,20,El Sabroso Salsitas Salsa Chips,19
web1.jpg,21,Tic Tac Wintergreen,20
web2.jpg,21,Tic Tac Wintergreen,20
web3.jpg,21,Tic Tac Wintergreen,20
web4.jpg,21,Tic Tac Wintergreen,20
web5.jpg,21,Tic Tac Wintergreen,20
web6.jpg,21,Tic Tac Wintergreen,20
web7.jpg,21,Tic Tac Wintergreen,20
web8.jpg,21,Tic Tac Wintergreen,20
web1.jpg,22,DENTYNE ICE ARTIC CHILL,21
web2.jpg,22,DENTYNE ICE ARTIC CHILL,21
web3.jpg,22,DENTYNE ICE ARTIC CHILL,21
web4.jpg,22,DENTYNE ICE ARTIC CHILL,21
web5.jpg,22,DENTYNE ICE ARTIC CHILL,21
web6.jpg,22,DENTYNE ICE ARTIC CHILL,21
web7.jpg,22,DENTYNE ICE ARTIC CHILL,21
web1.jpg,23,Certs Peppermint,22
web2.jpg,23,Certs Peppermint,22
web3.jpg,23,Certs Peppermint,22
web4.jpg,23,Certs Peppermint,22
web1.jpg,24,"Genuine BAYER Aspirin, tablets (325 mg)",23
web2.jpg,24,"Genuine BAYER Aspirin, tablets (325 mg)",23
web3.jpg,24,"Genuine BAYER Aspirin, tablets (325 mg)",23
web4.jpg,24,"Genuine BAYER Aspirin, tablets (325 mg)",23
web5.jpg,24,"Genuine BAYER Aspirin, tablets (325 mg)",23
web6.jpg,24,"Genuine BAYER Aspirin, tablets (325 mg)",23
web7.jpg,24,"Genuine BAYER Aspirin, tablets (325 mg)",23
web8.jpg,24,"Genuine BAYER Aspirin, tablets (325 mg)",23
web9.jpg,24,"Genuine BAYER Aspirin, tablets (325 mg)",23
web10.jpg,24,"Genuine BAYER Aspirin, tablets (325 mg)",23
web1.jpg,25,Nissin Ramen Noodles - Chicken,24
web2.jpg,25,Nissin Ramen Noodles - Chicken,24
web3.jpg,25,Nissin Ramen Noodles - Chicken,24
web4.jpg,25,Nissin Ramen Noodles - Chicken,24
web5.jpg,25,Nissin Ramen Noodles - Chicken,24
web1.jpg,26,26OZ BLUE WINDEX,25
web2.jpg,26,26OZ BLUE WINDEX,25
web3.jpg,26,26OZ BLUE WINDEX,25
web4.jpg,26,26OZ BLUE WINDEX,25
web5.jpg,26,26OZ BLUE WINDEX,25
web6.jpg,26,26OZ BLUE WINDEX,25
web7.jpg,26,26OZ BLUE WINDEX,25
web1.jpg,27,"Morton Salt, Iodized",26
web2.jpg,27,"Morton Salt, Iodized",26
web3.jpg,27,"Morton Salt, Iodized",26
web4.jpg,27,"Morton Salt, Iodized",26
web5.jpg,27,"Morton Salt, Iodized",26
web6.jpg,27,"Morton Salt, Iodized",26
web7.jpg,27,"Morton Salt, Iodized",26
web8.jpg,27,"Morton Salt, Iodized",26
web9.jpg,27,"Morton Salt, Iodized",26
web1.jpg,28,Ziploc Sandwich Bags,27
web2.jpg,28,Ziploc Sandwich Bags,27
web3.jpg,28,Ziploc Sandwich Bags,27
web4.jpg,28,Ziploc Sandwich Bags,27
web5.jpg,28,Ziploc Sandwich Bags,27
web6.jpg,28,Ziploc Sandwich Bags,27
web7.jpg,28,Ziploc Sandwich Bags,27
web1.jpg,29,Aleve Caplets,28
web2.jpg,29,Aleve Caplets,28
web3.jpg,29,Aleve Caplets,28
web4.jpg,29,Aleve Caplets,28
web5.jpg,29,Aleve Caplets,28
web6.jpg,29,Aleve Caplets,28
web7.jpg,29,Aleve Caplets,28
web8.jpg,29,Aleve Caplets,28
web9.jpg,29,Aleve Caplets,28
web1.jpg,30,Kit Kat King Size,29
web2.jpg,30,Kit Kat King Size,29
web3.jpg,30,Kit Kat King Size,29
web4.jpg,30,Kit Kat King Size,29
web5.jpg,30,Kit Kat King Size,29
web1.jpg,31,Reese's Pieces,30
web2.jpg,31,Reese's Pieces,30
web3.jpg,31,Reese's Pieces,30
web4.jpg,31,Reese's Pieces,30
web5.jpg,31,Reese's Pieces,30
web6.jpg,31,Reese's Pieces,30
web7.jpg,31,Reese's Pieces,30
web8.jpg,31,Reese's Pieces,30
web9.jpg,31,Reese's Pieces,30
web1.jpg,32,Kleenex Tissue,31
web2.jpg,32,Kleenex Tissue,31
web3.jpg,32,Kleenex Tissue,31
web1.jpg,33,Chap Stick Lip Balm,32
web2.jpg,33,Chap Stick Lip Balm,32
web3.jpg,33,Chap Stick Lip Balm,32
web4.jpg,33,Chap Stick Lip Balm,32
web5.jpg,33,Chap Stick Lip Balm,32
web1.jpg,34,REGULAR 33OZ TIDE POWDER,33
web2.jpg,34,REGULAR 33OZ TIDE POWDER,33
web3.jpg,34,REGULAR 33OZ TIDE POWDER,33
web1.jpg,35,Pringles Sour Cream & Onion,34
web2.jpg,35,Pringles Sour Cream & Onion,34
web3.jpg,35,Pringles Sour Cream & Onion,34
web4.jpg,35,Pringles Sour Cream & Onion,34
web5.jpg,35,Pringles Sour Cream & Onion,34
web1.jpg,36,Pringles Pizza-licious,35
web2.jpg,36,Pringles Pizza-licious,35
web3.jpg,36,Pringles Pizza-licious,35
web4.jpg,36,Pringles Pizza-licious,35
web5.jpg,36,Pringles Pizza-licious,35
web6.jpg,36,Pringles Pizza-licious,35
web1.jpg,37,Starburst Original Fruit,36
web2.jpg,37,Starburst Original Fruit,36
web3.jpg,37,Starburst Original Fruit,36
web4.jpg,37,Starburst Original Fruit,36
web5.jpg,37,Starburst Original Fruit,36
web6.jpg,37,Starburst Original Fruit,36
web1.jpg,38,Skittles (Original),37
web2.jpg,38,Skittles (Original),37
web3.jpg,38,Skittles (Original),37
web4.jpg,38,Skittles (Original),37
web5.jpg,38,Skittles (Original),37
web6.jpg,38,Skittles (Original),37
web7.jpg,38,Skittles (Original),37
web1.jpg,39,Claritin Allergy,38
web2.jpg,39,Claritin Allergy,38
web3.jpg,39,Claritin Allergy,38
web4.jpg,39,Claritin Allergy,38
web5.jpg,39,Claritin Allergy,38
web1.jpg,40,French's Classic Yellow Mustard,39
web2.jpg,40,French's Classic Yellow Mustard,39
web3.jpg,40,French's Classic Yellow Mustard,39
web4.jpg,40,French's Classic Yellow Mustard,39
web5.jpg,40,French's Classic Yellow Mustard,39
web6.jpg,40,French's Classic Yellow Mustard,39
web7.jpg,40,French's Classic Yellow Mustard,39
web8.jpg,40,French's Classic Yellow Mustard,39
web9.jpg,40,French's Classic Yellow Mustard,39
web1.jpg,41,FORMULA 409,40
web2.jpg,41,FORMULA 409,40
web3.jpg,41,FORMULA 409,40
web5.jpg,41,FORMULA 409,40
web6.jpg,41,FORMULA 409,40
web7.jpg,41,FORMULA 409,40
web8.jpg,41,FORMULA 409,40
web1.jpg,42,Monster Energy Beverage,41
web2.jpg,42,Monster Energy Beverage,41
web3.jpg,42,Monster Energy Beverage,41
web4.jpg,42,Monster Energy Beverage,41
web5.jpg,42,Monster Energy Beverage,41
web6.jpg,42,Monster Energy Beverage,41
web1.jpg,43,Mentos (Mint),42
web2.jpg,43,Mentos (Mint),42
web3.jpg,43,Mentos (Mint),42
web4.jpg,43,Mentos (Mint),42
web5.jpg,43,Mentos (Mint),42
web1.jpg,44,Tapatio - Salsa Picante,43
web2.jpg,44,Tapatio - Salsa Picante,43
web3.jpg,44,Tapatio - Salsa Picante,43
web4.jpg,44,Tapatio - Salsa Picante,43
web5.jpg,44,Tapatio - Salsa Picante,43
web6.jpg,44,Tapatio - Salsa Picante,43
web1.jpg,45,Dove Anti-Perspirant/Deodorant Fresh Invisible Solid,44
web2.jpg,45,Dove Anti-Perspirant/Deodorant Fresh Invisible Solid,44
web3.jpg,45,Dove Anti-Perspirant/Deodorant Fresh Invisible Solid,44
web4.jpg,45,Dove Anti-Perspirant/Deodorant Fresh Invisible Solid,44
web5.jpg,45,Dove Anti-Perspirant/Deodorant Fresh Invisible Solid,44
web1.jpg,46,Band-Aid flexible fabric,45
web2.jpg,46,Band-Aid flexible fabric,45
web3.jpg,46,Band-Aid flexible fabric,45
web4.jpg,46,Band-Aid flexible fabric,45
web1.jpg,47,CARMEX EZ-ON APPLICATOR,46
web2.jpg,47,CARMEX EZ-ON APPLICATOR,46
web3.jpg,47,CARMEX EZ-ON APPLICATOR,46
web4.jpg,47,CARMEX EZ-ON APPLICATOR,46
web5.jpg,47,CARMEX EZ-ON APPLICATOR,46
web6.jpg,47,CARMEX EZ-ON APPLICATOR,46
web1.jpg,48,diet ROCKSTAR Energy Drink,47
web2.jpg,48,diet ROCKSTAR Energy Drink,47
web3.jpg,48,diet ROCKSTAR Energy Drink,47
web4.jpg,48,diet ROCKSTAR Energy Drink,47
web1.jpg,49,VICKS NYQUIL COUGH CHERRY 6 OZ,48
web2.jpg,49,VICKS NYQUIL COUGH CHERRY 6 OZ,48
web3.jpg,49,VICKS NYQUIL COUGH CHERRY 6 OZ,48
web4.jpg,49,VICKS NYQUIL COUGH CHERRY 6 OZ,48
web1.jpg,50,Nestle Crunch,49
web2.jpg,50,Nestle Crunch,49
web3.jpg,50,Nestle Crunch,49
web4.jpg,50,Nestle Crunch,49
web5.jpg,50,Nestle Crunch,49
web6.jpg,50,Nestle Crunch,49
web1.jpg,51,Lay's Classic,50
web2.jpg,51,Lay's Classic,50
web3.jpg,51,Lay's Classic,50
web4.jpg,51,Lay's Classic,50
web5.jpg,51,Lay's Classic,50
web1.jpg,52,ARM + HAMMER BAKING SODA,51
web2.jpg,52,ARM + HAMMER BAKING SODA,51
web3.jpg,52,ARM + HAMMER BAKING SODA,51
web4.jpg,52,ARM + HAMMER BAKING SODA,51
web5.jpg,52,ARM + HAMMER BAKING SODA,51
web6.jpg,52,ARM + HAMMER BAKING SODA,51
web1.jpg,53,MARTINELLI APPLE JUICE,52
web2.jpg,53,MARTINELLI APPLE JUICE,52
web3.jpg,53,MARTINELLI APPLE JUICE,52
web4.jpg,53,MARTINELLI APPLE JUICE,52
web5.jpg,53,MARTINELLI APPLE JUICE,52
web1.jpg,54,Diet Coke with Lime,53
web2.jpg,54,Diet Coke with Lime,53
web3.jpg,54,Diet Coke with Lime,53
web4.jpg,54,Diet Coke with Lime,53
web5.jpg,54,Diet Coke with Lime,53
web6.jpg,54,Diet Coke with Lime,53
web1.jpg,55,Sprite 12oz Can,54
web2.jpg,55,Sprite 12oz Can,54
web3.jpg,55,Sprite 12oz Can,54
web4.jpg,55,Sprite 12oz Can,54
web5.jpg,55,Sprite 12oz Can,54
web6.jpg,55,Sprite 12oz Can,54
web7.jpg,55,Sprite 12oz Can,54
web8.jpg,55,Sprite 12oz Can,54
web1.jpg,56,Propel Fitness Water,55
web2.jpg,56,Propel Fitness Water,55
web3.jpg,56,Propel Fitness Water,55
web4.jpg,56,Propel Fitness Water,55
web5.jpg,56,Propel Fitness Water,55
web1.jpg,57,AVIATOR POKER CARDS,56
web2.jpg,57,AVIATOR POKER CARDS,56
web3.jpg,57,AVIATOR POKER CARDS,56
web4.jpg,57,AVIATOR POKER CARDS,56
web5.jpg,57,AVIATOR POKER CARDS,56
web1.jpg,58,Act II Butter Lover's Popcorn,57
web2.jpg,58,Act II Butter Lover's Popcorn,57
web3.jpg,58,Act II Butter Lover's Popcorn,57
web4.jpg,58,Act II Butter Lover's Popcorn,57
web5.jpg,58,Act II Butter Lover's Popcorn,57
web1.jpg,59,Dr Pepper,58
web2.jpg,59,Dr Pepper,58
web3.jpg,59,Dr Pepper,58
web4.jpg,59,Dr Pepper,58
web5.jpg,59,Dr Pepper,58
web6.jpg,59,Dr Pepper,58
web1.jpg,60,Tylenol PM Gelcaps Extra Strength,59
web2.jpg,60,Tylenol PM Gelcaps Extra Strength,59
web3.jpg,60,Tylenol PM Gelcaps Extra Strength,59
web4.jpg,60,Tylenol PM Gelcaps Extra Strength,59
web5.jpg,60,Tylenol PM Gelcaps Extra Strength,59
web1.jpg,61,Red Bull Sugarfree,60
web2.jpg,61,Red Bull Sugarfree,60
web3.jpg,61,Red Bull Sugarfree,60
web4.jpg,61,Red Bull Sugarfree,60
web5.jpg,61,Red Bull Sugarfree,60
web6.jpg,61,Red Bull Sugarfree,60
web7.jpg,61,Red Bull Sugarfree,60
web1.jpg,62,"Blistex ""Silk & Shine"" Lip gloss and sunscreen SPF 15",61
web2.jpg,62,"Blistex ""Silk & Shine"" Lip gloss and sunscreen SPF 15",61
web3.jpg,62,"Blistex ""Silk & Shine"" Lip gloss and sunscreen SPF 15",61
web4.jpg,62,"Blistex ""Silk & Shine"" Lip gloss and sunscreen SPF 15",61
web1.jpg,63,NYQUIL LQCAPS PSE FREE 12 CT,62
web2.jpg,63,NYQUIL LQCAPS PSE FREE 12 CT,62
web3.jpg,63,NYQUIL LQCAPS PSE FREE 12 CT,62
web4.jpg,63,NYQUIL LQCAPS PSE FREE 12 CT,62
web5.jpg,63,NYQUIL LQCAPS PSE FREE 12 CT,62
web1.jpg,64,LINDOR CANDY,63
web2.jpg,64,LINDOR CANDY,63
web3.jpg,64,LINDOR CANDY,63
web4.jpg,64,LINDOR CANDY,63
web5.jpg,64,LINDOR CANDY,63
web6.jpg,64,LINDOR CANDY,63
web1.jpg,65,Lindt Excellence 70% Cocoa Dark Chocolate,64
web2.jpg,65,Lindt Excellence 70% Cocoa Dark Chocolate,64
web3.jpg,65,Lindt Excellence 70% Cocoa Dark Chocolate,64
web4.jpg,65,Lindt Excellence 70% Cocoa Dark Chocolate,64
web5.jpg,65,Lindt Excellence 70% Cocoa Dark Chocolate,64
web1.jpg,66,Haribo Gold-Bears Gummi Candy,65
web2.jpg,66,Haribo Gold-Bears Gummi Candy,65
web3.jpg,66,Haribo Gold-Bears Gummi Candy,65
web4.jpg,66,Haribo Gold-Bears Gummi Candy,65
web5.jpg,66,Haribo Gold-Bears Gummi Candy,65
web6.jpg,66,Haribo Gold-Bears Gummi Candy,65
web1.jpg,67,Ritter Sport White Chocolate with Whole Hazelnuts,66
web2.jpg,67,Ritter Sport White Chocolate with Whole Hazelnuts,66
web3.jpg,67,Ritter Sport White Chocolate with Whole Hazelnuts,66
web4.jpg,67,Ritter Sport White Chocolate with Whole Hazelnuts,66
web5.jpg,67,Ritter Sport White Chocolate with Whole Hazelnuts,66
web1.jpg,68,TOBLERONE MILK CHOCOLATE,67
web2.jpg,68,TOBLERONE MILK CHOCOLATE,67
web3.jpg,68,TOBLERONE MILK CHOCOLATE,67
web4.jpg,68,TOBLERONE MILK CHOCOLATE,67
web5.jpg,68,TOBLERONE MILK CHOCOLATE,67
web6.jpg,68,TOBLERONE MILK CHOCOLATE,67
web7.jpg,68,TOBLERONE MILK CHOCOLATE,67
web8.jpg,68,TOBLERONE MILK CHOCOLATE,67
web1.jpg,69,Manner Milk Chocolate Cream Filled Wafers,68
web2.jpg,69,Manner Milk Chocolate Cream Filled Wafers,68
web3.jpg,69,Manner Milk Chocolate Cream Filled Wafers,68
web4.jpg,69,Manner Milk Chocolate Cream Filled Wafers,68
web5.jpg,69,Manner Milk Chocolate Cream Filled Wafers,68
web1.jpg,70,PEPPERIDGE FARM MILK CHOCOLATE MACADAMIA COOKIES,69
web2.jpg,70,PEPPERIDGE FARM MILK CHOCOLATE MACADAMIA COOKIES,69
web3.jpg,70,PEPPERIDGE FARM MILK CHOCOLATE MACADAMIA COOKIES,69
web1.jpg,71,"Pepperidge Farm Milano Cookies, Double Chocolate",70
web2.jpg,71,"Pepperidge Farm Milano Cookies, Double Chocolate",70
web3.jpg,71,"Pepperidge Farm Milano Cookies, Double Chocolate",70
web4.jpg,71,"Pepperidge Farm Milano Cookies, Double Chocolate",70
web5.jpg,71,"Pepperidge Farm Milano Cookies, Double Chocolate",70
web1.jpg,72,Tylenol  Extra Strength Caplets,71
web2.jpg,72,Tylenol  Extra Strength Caplets,71
web3.jpg,72,Tylenol  Extra Strength Caplets,71
web4.jpg,72,Tylenol  Extra Strength Caplets,71
web5.jpg,72,Tylenol  Extra Strength Caplets,71
web6.jpg,72,Tylenol  Extra Strength Caplets,71
web7.jpg,72,Tylenol  Extra Strength Caplets,71
web8.jpg,72,Tylenol  Extra Strength Caplets,71
web1.jpg,73,Frappuccino Coffee,72
web2.jpg,73,Frappuccino Coffee,72
web3.jpg,73,Frappuccino Coffee,72
web4.jpg,73,Frappuccino Coffee,72
web1.jpg,74,Yoo-Hoo Chocolate Drink,73
web2.jpg,74,Yoo-Hoo Chocolate Drink,73
web3.jpg,74,Yoo-Hoo Chocolate Drink,73
web1.jpg,75,Bull's-Eye BBQ Sauce Original,74
web2.jpg,75,Bull's-Eye BBQ Sauce Original,74
web3.jpg,75,Bull's-Eye BBQ Sauce Original,74
web4.jpg,75,Bull's-Eye BBQ Sauce Original,74
web5.jpg,75,Bull's-Eye BBQ Sauce Original,74
web1.jpg,76,Symphony with almonds and toffee chips,75
web2.jpg,76,Symphony with almonds and toffee chips,75
web3.jpg,76,Symphony with almonds and toffee chips,75
web4.jpg,76,Symphony with almonds and toffee chips,75
web5.jpg,76,Symphony with almonds and toffee chips,75
web1.jpg,77,Nabisco Nilla Wafers,76
web2.jpg,77,Nabisco Nilla Wafers,76
web3.jpg,77,Nabisco Nilla Wafers,76
web4.jpg,77,Nabisco Nilla Wafers,76
web5.jpg,77,Nabisco Nilla Wafers,76
web1.jpg,78,BEEF JERKY,77
web2.jpg,78,BEEF JERKY,77
web3.jpg,78,BEEF JERKY,77
web1.jpg,79,David Sunflower Seeds,78
web2.jpg,79,David Sunflower Seeds,78
web3.jpg,79,David Sunflower Seeds,78
web4.jpg,79,David Sunflower Seeds,78
web5.jpg,79,David Sunflower Seeds,78
web6.jpg,79,David Sunflower Seeds,78
web1.jpg,80,Hunt's Tomato Sauce,79
web2.jpg,80,Hunt's Tomato Sauce,79
web3.jpg,80,Hunt's Tomato Sauce,79
web4.jpg,80,Hunt's Tomato Sauce,79
web5.jpg,80,Hunt's Tomato Sauce,79
web1.jpg,81,kotex lightdays,80
web2.jpg,81,kotex lightdays,80
web3.jpg,81,kotex lightdays,80
web4.jpg,81,kotex lightdays,80
web5.jpg,81,kotex lightdays,80
web1.jpg,82,Always thin pantiliners,81
web2.jpg,82,Always thin pantiliners,81
web3.jpg,82,Always thin pantiliners,81
web4.jpg,82,Always thin pantiliners,81
web5.jpg,82,Always thin pantiliners,81
web6.jpg,82,Always thin pantiliners,81
web7.jpg,82,Always thin pantiliners,81
web1.jpg,83,Liption Tea,82
web2.jpg,83,Liption Tea,82
web3.jpg,83,Liption Tea,82
web4.jpg,83,Liption Tea,82
web1.jpg,84,Soft Scrub with Bleach Cleanser,83
web2.jpg,84,Soft Scrub with Bleach Cleanser,83
web3.jpg,84,Soft Scrub with Bleach Cleanser,83
web4.jpg,84,Soft Scrub with Bleach Cleanser,83
web5.jpg,84,Soft Scrub with Bleach Cleanser,83
web6.jpg,84,Soft Scrub with Bleach Cleanser,83
web7.jpg,84,Soft Scrub with Bleach Cleanser,83
web8.jpg,84,Soft Scrub with Bleach Cleanser,83
web1.jpg,85,RAID Flying Insect Killer,84
web2.jpg,85,RAID Flying Insect Killer,84
web3.jpg,85,RAID Flying Insect Killer,84
web1.jpg,86,SHOUT LAUNDRY STAIN REMOVER,85
web2.jpg,86,SHOUT LAUNDRY STAIN REMOVER,85
web3.jpg,86,SHOUT LAUNDRY STAIN REMOVER,85
web4.jpg,86,SHOUT LAUNDRY STAIN REMOVER,85
web5.jpg,86,SHOUT LAUNDRY STAIN REMOVER,85
web1.jpg,87,"Gillette Foamy Shaving Cream, Regular",86
web2.jpg,87,"Gillette Foamy Shaving Cream, Regular",86
web3.jpg,87,"Gillette Foamy Shaving Cream, Regular",86
web4.jpg,87,"Gillette Foamy Shaving Cream, Regular",86
web5.jpg,87,"Gillette Foamy Shaving Cream, Regular",86
web6.jpg,87,"Gillette Foamy Shaving Cream, Regular",86
web1.jpg,88,Campbell's Tomato Soup - Microwavable bowl,87
web2.jpg,88,Campbell's Tomato Soup - Microwavable bowl,87
web3.jpg,88,Campbell's Tomato Soup - Microwavable bowl,87
web4.jpg,88,Campbell's Tomato Soup - Microwavable bowl,87
web5.jpg,88,Campbell's Tomato Soup - Microwavable bowl,87
web6.jpg,88,Campbell's Tomato Soup - Microwavable bowl,87
web7.jpg,88,Campbell's Tomato Soup - Microwavable bowl,87
web1.jpg,89,Vivarin,88
web2.jpg,89,Vivarin,88
web3.jpg,89,Vivarin,88
web4.jpg,89,Vivarin,88
web5.jpg,89,Vivarin,88
web6.jpg,89,Vivarin,88
web7.jpg,89,Vivarin,88
web8.jpg,89,Vivarin,88
web9.jpg,89,Vivarin,88
web10.jpg,89,Vivarin,88
web1.jpg,90,Chef Boyardee Beef Ravioli,89
web2.jpg,90,Chef Boyardee Beef Ravioli,89
web3.jpg,90,Chef Boyardee Beef Ravioli,89
web4.jpg,90,Chef Boyardee Beef Ravioli,89
web5.jpg,90,Chef Boyardee Beef Ravioli,89
web1.jpg,91,LIFESTYLES ULTRA SENSITIVE,90
web2.jpg,91,LIFESTYLES ULTRA SENSITIVE,90
web3.jpg,91,LIFESTYLES ULTRA SENSITIVE,90
web4.jpg,91,LIFESTYLES ULTRA SENSITIVE,90
web5.jpg,91,LIFESTYLES ULTRA SENSITIVE,90
web1.jpg,92,Crystal Geyser Water,91
web2.jpg,92,Crystal Geyser Water,91
web3.jpg,92,Crystal Geyser Water,91
web4.jpg,92,Crystal Geyser Water,91
web1.jpg,93,Luna Bar nutz chocolate,92
web2.jpg,93,Luna Bar nutz chocolate,92
web3.jpg,93,Luna Bar nutz chocolate,92
web4.jpg,93,Luna Bar nutz chocolate,92
web5.jpg,93,Luna Bar nutz chocolate,92
web1.jpg,94,KELL RAISIN BRAN 15 OZ 121459,93
web2.jpg,94,KELL RAISIN BRAN 15 OZ 121459,93
web3.jpg,94,KELL RAISIN BRAN 15 OZ 121459,93
web4.jpg,94,KELL RAISIN BRAN 15 OZ 121459,93
web5.jpg,94,KELL RAISIN BRAN 15 OZ 121459,93
web6.jpg,94,KELL RAISIN BRAN 15 OZ 121459,93
web1.jpg,95,GM HNY NUT CHEERIOS CEREAL CUP,94
web2.jpg,95,GM HNY NUT CHEERIOS CEREAL CUP,94
web3.jpg,95,GM HNY NUT CHEERIOS CEREAL CUP,94
web1.jpg,96,Pepto-Bismol,95
web2.jpg,96,Pepto-Bismol,95
web3.jpg,96,Pepto-Bismol,95
web4.jpg,96,Pepto-Bismol,95
web1.jpg,97,PEPTO BISMOL CHERRY TAB 30 CT,96
web2.jpg,97,PEPTO BISMOL CHERRY TAB 30 CT,96
web3.jpg,97,PEPTO BISMOL CHERRY TAB 30 CT,96
web4.jpg,97,PEPTO BISMOL CHERRY TAB 30 CT,96
web5.jpg,97,PEPTO BISMOL CHERRY TAB 30 CT,96
web6.jpg,97,PEPTO BISMOL CHERRY TAB 30 CT,96
web7.jpg,97,PEPTO BISMOL CHERRY TAB 30 CT,96
web1.jpg,98,Tabasco Brand Pepper Sauce,97
web2.jpg,98,Tabasco Brand Pepper Sauce,97
web3.jpg,98,Tabasco Brand Pepper Sauce,97
web4.jpg,98,Tabasco Brand Pepper Sauce,97
web5.jpg,98,Tabasco Brand Pepper Sauce,97
web6.jpg,98,Tabasco Brand Pepper Sauce,97
web7.jpg,98,Tabasco Brand Pepper Sauce,97
web8.jpg,98,Tabasco Brand Pepper Sauce,97
web1.jpg,99,alka Seltzer Plus cold,98
web2.jpg,99,alka Seltzer Plus cold,98
web3.jpg,99,alka Seltzer Plus cold,98
web4.jpg,99,alka Seltzer Plus cold,98
web5.jpg,99,alka Seltzer Plus cold,98
web1.jpg,100,Jack Links: Extreme Snack Stick,99
web2.jpg,100,Jack Links: Extreme Snack Stick,99
web3.jpg,100,Jack Links: Extreme Snack Stick,99
web4.jpg,100,Jack Links: Extreme Snack Stick,99
web1.jpg,101,TROJAN ULTRA FIT CONDOMS,100
web2.jpg,101,TROJAN ULTRA FIT CONDOMS,100
web3.jpg,101,TROJAN ULTRA FIT CONDOMS,100
web4.jpg,101,TROJAN ULTRA FIT CONDOMS,100
web1.jpg,102,Trojan-Enz lubricated condoms,101
web2.jpg,102,Trojan-Enz lubricated condoms,101
web3.jpg,102,Trojan-Enz lubricated condoms,101
web4.jpg,102,Trojan-Enz lubricated condoms,101
web5.jpg,102,Trojan-Enz lubricated condoms,101
web6.jpg,102,Trojan-Enz lubricated condoms,101
web7.jpg,102,Trojan-Enz lubricated condoms,101
web8.jpg,102,Trojan-Enz lubricated condoms,101
web9.jpg,102,Trojan-Enz lubricated condoms,101
web1.jpg,103,colgate plus toothbrush,102
web2.jpg,103,colgate plus toothbrush,102
web3.jpg,103,colgate plus toothbrush,102
web4.jpg,103,colgate plus toothbrush,102
web5.jpg,103,colgate plus toothbrush,102
web1.jpg,104,Nabisco Wheat Thins Crackers Original,103
web2.jpg,104,Nabisco Wheat Thins Crackers Original,103
web3.jpg,104,Nabisco Wheat Thins Crackers Original,103
web4.jpg,104,Nabisco Wheat Thins Crackers Original,103
web5.jpg,104,Nabisco Wheat Thins Crackers Original,103
web1.jpg,105,"Mountain Dew, Single Bottle",104
web2.jpg,105,"Mountain Dew, Single Bottle",104
web3.jpg,105,"Mountain Dew, Single Bottle",104
web4.jpg,105,"Mountain Dew, Single Bottle",104
web5.jpg,105,"Mountain Dew, Single Bottle",104
web6.jpg,105,"Mountain Dew, Single Bottle",104
web1.jpg,106,GUMMI FROGS,105
web2.jpg,106,GUMMI FROGS,105
web3.jpg,106,GUMMI FROGS,105
web4.jpg,106,GUMMI FROGS,105
web5.jpg,106,GUMMI FROGS,105
web1.jpg,107,Mini Chips Ahoy!,106
web2.jpg,107,Mini Chips Ahoy!,106
web3.jpg,107,Mini Chips Ahoy!,106
web1.jpg,108,Jif Creamy Peanut Butter,107
web2.jpg,108,Jif Creamy Peanut Butter,107
web3.jpg,108,Jif Creamy Peanut Butter,107
web4.jpg,108,Jif Creamy Peanut Butter,107
web5.jpg,108,Jif Creamy Peanut Butter,107
web6.jpg,108,Jif Creamy Peanut Butter,107
web1.jpg,109,"Glade Potpourri Spray ,Powder Fresh ,9oz.",108
web2.jpg,109,"Glade Potpourri Spray ,Powder Fresh ,9oz.",108
web3.jpg,109,"Glade Potpourri Spray ,Powder Fresh ,9oz.",108
web4.jpg,109,"Glade Potpourri Spray ,Powder Fresh ,9oz.",108
web1.jpg,110,Campbells Cream of Chicken soup,109
web2.jpg,110,Campbells Cream of Chicken soup,109
web3.jpg,110,Campbells Cream of Chicken soup,109
web4.jpg,110,Campbells Cream of Chicken soup,109
web5.jpg,110,Campbells Cream of Chicken soup,109
web6.jpg,110,Campbells Cream of Chicken soup,109
web7.jpg,110,Campbells Cream of Chicken soup,109
web1.jpg,111,CAMPBELL CHUNKY CLASSIC CHICKEN NOODLE,110
web2.jpg,111,CAMPBELL CHUNKY CLASSIC CHICKEN NOODLE,110
web3.jpg,111,CAMPBELL CHUNKY CLASSIC CHICKEN NOODLE,110
web4.jpg,111,CAMPBELL CHUNKY CLASSIC CHICKEN NOODLE,110
web1.jpg,112,A-1 STEAK SAUCE,111
web2.jpg,112,A-1 STEAK SAUCE,111
web3.jpg,112,A-1 STEAK SAUCE,111
web4.jpg,112,A-1 STEAK SAUCE,111
web5.jpg,112,A-1 STEAK SAUCE,111
web6.jpg,112,A-1 STEAK SAUCE,111
web7.jpg,112,A-1 STEAK SAUCE,111
web1.jpg,113,Rockstar Energy Drink,112
web2.jpg,113,Rockstar Energy Drink,112
web3.jpg,113,Rockstar Energy Drink,112
web4.jpg,113,Rockstar Energy Drink,112
web5.jpg,113,Rockstar Energy Drink,112
web1.jpg,114,KODAK COLOR SLIDE 100 EB135-36,113
web2.jpg,114,KODAK COLOR SLIDE 100 EB135-36,113
web3.jpg,114,KODAK COLOR SLIDE 100 EB135-36,113
web4.jpg,114,KODAK COLOR SLIDE 100 EB135-36,113
web5.jpg,114,KODAK COLOR SLIDE 100 EB135-36,113
web1.jpg,115,Tostitos Scoops,114
web2.jpg,115,Tostitos Scoops,114
web3.jpg,115,Tostitos Scoops,114
web4.jpg,115,Tostitos Scoops,114
web5.jpg,115,Tostitos Scoops,114
web1.jpg,116,RITTER CAPPUCCINO 100G,115
web2.jpg,116,RITTER CAPPUCCINO 100G,115
web3.jpg,116,RITTER CAPPUCCINO 100G,115
web4.jpg,116,RITTER CAPPUCCINO 100G,115
web5.jpg,116,RITTER CAPPUCCINO 100G,115
web1.jpg,117,Sour Cream & Onion Ruffles,116
web2.jpg,117,Sour Cream & Onion Ruffles,116
web3.jpg,117,Sour Cream & Onion Ruffles,116
web4.jpg,117,Sour Cream & Onion Ruffles,116
web1.jpg,118,Ben & Jerry's Ice Cream World's Best Vanilla,117
web2.jpg,118,Ben & Jerry's Ice Cream World's Best Vanilla,117
web3.jpg,118,Ben & Jerry's Ice Cream World's Best Vanilla,117
web4.jpg,118,Ben & Jerry's Ice Cream World's Best Vanilla,117
web1.jpg,119,Nabisco Flavor Crisps/Flavor Originals Snack Crackers Baked Vegetable Thins,118
web2.jpg,119,Nabisco Flavor Crisps/Flavor Originals Snack Crackers Baked Vegetable Thins,118
web3.jpg,119,Nabisco Flavor Crisps/Flavor Originals Snack Crackers Baked Vegetable Thins,118
web1.jpg,120,Yoplait Yogurt Original Strawberry Banana 99% Fat Free S70,119
web2.jpg,120,Yoplait Yogurt Original Strawberry Banana 99% Fat Free S70,119
